filename,filetype,order,saturation,sat.granularity,timeAvg,timeSd,solvedCount,profile.x,span.x,statespace.states,Unnamed..0,Unnamed..0.1,type,status,status.spec,regroup.strategy,regroup.time,bandwidth,profile.y,span.y,average.wavefront,RMS.wavefront,state.vector.length,groups,group.checks,next.state.calls,reachability.time,statespace.nodes,group.next,group.explored.nodes,group.explored.vectors,time,memory,peak.nodes,LDDop.union,LDDop.minus,LDDop.relProd,LDDop.satCount,LDDop.satCountL,LDDop.zip,LDDop.relProdUnion,LDDop.projectMinus,Unnamed..36,timeBest,memBest,timeMark,memMark,Places,Transitions,Arcs,Ordinary,Simple_free_choice,Extended_free_choice,State_machine,Marked_graph,Connected,Strongly_connected,Source_place,Sink_place,Source_transitions,Sink_transitions,Loop_free,Conservative,Subconservative,Nested_units,Safe,Deadlock,Quasi_live,Live,MarkingGraphFixedSize,Markings,Firings,Max_tokens_place,Min_tokens_marking,Max_tokens_marking,Dead_transitions,Concurrent_Units,Exclusives
2-10_phaseVariation,pnml,bfs-prev,none,5,1.48,0.0928559218478941,10,71936,76887,,,,,,,,,,,,,,,,,,,,,,,,,,,,,,,,,,,1.48,,1,,14,65,443,0,0,0,0,0,1,0,1,0,0,0,0,0,0,0,0,-1,-1,-1,-1,-1.0,-1.0,-1,14,2147483647.0,0.10769000000000001,0.3375,0.20168
2D8_gradient_10x10_10,pnml,bfs-prev,none,5,104.92,7.2598745015170705,10,382122,400254,,,,,,,,,,,,,,,,,,,,,,,,,,,,,,,,,,,104.92,,1,,100,684,1368,1,1,1,1,0,1,1,0,0,0,0,1,1,1,0,0,-1,-1,1,-1,-1.0,-1.0,-1,10,10.0,0.0,0.0,0.9805799999999999
2D8_gradient_5x5_10,pnml,bfs-prev,none,5,2.4659999999999997,0.132765457354941,10,36326,39098,,,,,,,,,,,,,,,,,,,,,,,,,,,,,,,,,,,2.4659999999999997,,1,,25,144,288,1,1,1,1,0,1,1,0,0,0,0,1,1,1,0,0,-1,-1,1,-1,-1.0,-1.0,-1,10,10.0,0.0,0.0,0.9285700000000001
2D8_gradient_5x5_50,pnml,bfs-prev,none,5,714.58,32.439444097168696,10,36326,39098,,,,,,,,,,,,,,,,,,,,,,,,,,,,,,,,,,,714.58,,1,,25,144,288,1,1,1,1,0,1,1,0,0,0,0,1,1,1,0,0,-1,-1,1,-1,-1.0,-1.0,-1,50,50.0,0.0,0.0,0.9285700000000001
5-10_phaseVariation,pnml,bfs-prev,none,5,143.784,9.088263738348358,10,6672932,6955371,,,,,,,,,,,,,,,,,,,,,,,,,,,,,,,,,,,143.784,,1,,77,677,4685,0,0,0,0,0,1,0,1,0,0,0,0,0,0,0,-1,-1,-1,-1,-1,-1.0,-1.0,-1,27,2147483647.0,0.1093,0.43865,0.0974
AirplaneLD-pt-0010,pnml,bfs-prev,none,5,0.405,0.0721495360730446,10,36808,40022,,,,,,,,,,,,,,,,,,,,,,,,,,,,,,,,,,,0.405,,1,,89,88,333,1,0,0,0,0,1,0,1,1,0,0,0,0,1,0,1,1,0,1,0,43463.0,-1.0,1,38,38.0,0.0,0.41941000000000006,0.13922
AirplaneLD-pt-0020,pnml,bfs-prev,none,5,1.083,0.0529255241930688,10,142832,151347,,,,,,,,,,,,,,,,,,,,,,,,,,,,,,,,,,,1.083,,1,,159,168,638,1,0,0,0,0,1,0,1,1,0,0,0,0,1,0,1,1,0,1,0,308303.0,-1.0,1,68,68.0,0.0,0.42973,0.12811
AirplaneLD-pt-0050,pnml,bfs-prev,none,5,3.4760000000000004,0.20183601704794396,10,875026,907075,,,,,,,,,,,,,,,,,,,,,,,,,,,,,,,,,,,3.4760000000000004,,1,,369,408,1553,1,0,0,0,0,1,0,1,1,0,0,0,0,1,0,1,1,0,1,0,4471220.0,-1.0,1,158,158.0,0.0,0.43545,0.12369000000000001
AirplaneLD-pt-0100,pnml,bfs-prev,none,5,11.876,1.68789941775108,10,3061025,3183488,,,,,,,,,,,,,,,,,,,,,,,,,,,,,,,,,,,11.876,,1,,719,808,3078,1,0,0,0,0,1,0,1,1,0,0,0,0,1,0,1,1,0,1,0,34877400.0,-1.0,1,308,308.0,0.0,0.43718,0.12286
AirplaneLD-pt-0200,pnml,bfs-prev,none,5,41.657,2.01252218759336,10,12199887,12621738,,,,,,,,,,,,,,,,,,,,,,,,,,,,,,,,,,,41.657,,1,,1419,1608,6128,1,0,0,0,0,1,0,1,1,0,0,0,0,1,0,1,1,0,1,0,275495000.0,-1.0,1,608,608.0,0.0,0.43799,0.12259
angiogenesis-01,pnml,bfs-prev,none,5,0.147,0.0405654478042035,10,13805,15443,,,,,,,,,,,,,,,,,,,,,,,,,,,,,,,,,,,0.147,,1,,39,64,185,1,0,0,0,0,1,0,0,1,0,0,1,0,0,0,1,1,0,0,0,110.0,-1.0,1,8,39.0,0.10937000000000001,0.13719,0.67765
angiogenesis-05,pnml,bfs-prev,none,5,28.246,2.94972767104581,10,13805,15443,,,,,,,,,,,,,,,,,,,,,,,,,,,,,,,,,,,28.246,,1,,39,64,185,1,0,0,0,0,1,0,0,1,0,0,1,0,0,0,0,-1,-1,-1,-1,-1.0,-1.0,-1,40,2147483647.0,0.10937000000000001,0.13719,0.67765
BridgeAndVehicles-V04-P05-N02-unfolded,pnml,bfs-prev,none,5,0.934,0.0481202198203162,10,35432,39034,,,,,,,,,,,,,,,,,,,,,,,,,,,,,,,,,,,0.934,,1,,28,52,326,0,0,0,0,0,1,0,1,1,0,0,0,1,1,0,0,-1,-1,-1,-1,-1.0,-1.0,-1,17,17.0,0.35575999999999997,0.18735,0.5599
BridgeAndVehicles-V10-P10-N10-unfolded,pnml,bfs-prev,none,5,108.137,4.1621550240764,10,1351610,1392323,,,,,,,,,,,,,,,,,,,,,,,,,,,,,,,,,,,108.137,,1,,48,288,2090,0,0,0,0,0,1,0,1,1,0,0,0,1,1,0,0,-1,-1,-1,-1,-1.0,-1.0,-1,34,34.0,0.47395,0.06652999999999999,0.8276100000000001
circadian_clock-000001,pnml,bfs-prev,none,5,0.026000000000000002,0.008432740427115679,10,1009,1382,,,,,,,,,,,,,,,,,,,,,,,,,,,,,,,,,,,0.026000000000000002,,1,,14,16,58,1,0,0,0,0,1,1,0,0,0,0,0,1,1,0,1,0,-1,1,-1,128.0,-1.0,1,7,7.0,0.0,0.35,0.17647000000000002
circadian_clock-000010,pnml,bfs-prev,none,5,0.581,0.0558669053296414,10,1009,1382,,,,,,,,,,,,,,,,,,,,,,,,,,,,,,,,,,,0.581,,1,,14,16,58,1,0,0,0,0,1,1,0,0,0,0,0,1,1,0,0,-1,-1,1,-1,-1.0,-1.0,-1,52,52.0,0.0,0.35,0.17647000000000002
circadian_clock-000100,pnml,bfs-prev,none,5,197.69222222222197,13.8764844050806,9,1009,1382,,,,,,,,,,,,,,,,,,,,,,,,,,,,,,,,,,,197.69222222222197,,1,,14,16,58,1,0,0,0,0,1,1,0,0,0,0,0,1,1,0,0,-1,-1,1,-1,-1.0,-1.0,-1,502,502.0,0.0,0.35,0.17647000000000002
CircularTrain-012,pnml,bfs-prev,none,5,0.07200000000000001,0.0248551358430763,10,1562,1752,,,,,,,,,,,,,,,,,,,,,,,,,,,,,,,,,,,0.07200000000000001,,1,,24,12,48,1,1,1,0,1,1,1,0,0,0,0,1,1,1,0,0,-1,-1,1,-1,1036.0,2147483647.0,-1,-1,12.0,0.0,0.38769000000000003,0.14814000000000002
CircularTrain-024,pnml,bfs-prev,none,5,1.124,0.0403319558993444,10,3308,3685,,,,,,,,,,,,,,,,,,,,,,,,,,,,,,,,,,,1.124,,1,,48,24,96,1,1,1,0,1,1,1,0,0,0,0,1,1,1,0,0,-1,-1,1,-1,2.0,2147483647206860.0,-1,-1,24.0,0.0,0.44081000000000004,0.07843
closed_system1,pnml,bfs-prev,none,5,8.052,0.365172714083502,10,73916,81489,,,,,,,,,,,,,,,,,,,,,,,,,,,,,,,,,,,8.052,,1,,231,202,846,1,0,0,0,0,1,1,0,0,0,0,0,0,0,0,1,0,-1,0,0,25632.0,-1.0,1,36,231.0,0.099,0.17154,0.64835
closed_system2,pnml,bfs-prev,none,5,40.108000000000004,1.5839949494869,10,73916,81489,,,,,,,,,,,,,,,,,,,,,,,,,,,,,,,,,,,40.108000000000004,,1,,231,202,846,1,0,0,0,0,1,1,0,0,0,0,0,0,0,0,1,0,-1,1,-1,349874.0,-1.0,1,36,231.0,0.0,0.32256999999999997,0.34628000000000003
closed_system3,pnml,bfs-prev,none,5,81.188,4.689723517081441,10,73916,81489,,,,,,,,,,,,,,,,,,,,,,,,,,,,,,,,,,,81.188,,1,,231,202,846,1,0,0,0,0,1,1,0,0,0,0,0,0,0,0,1,0,-1,1,-1,1465210.0,-1.0,1,36,231.0,0.0,0.34155,0.30832
closed_system4,pnml,bfs-prev,none,5,95.602,14.5239004556092,10,73916,81489,,,,,,,,,,,,,,,,,,,,,,,,,,,,,,,,,,,95.602,,1,,231,202,846,1,0,0,0,0,1,1,0,0,0,0,0,0,0,0,1,0,-1,1,-1,2409740.0,-1.0,1,36,231.0,0.0,0.34155,0.30832
closed_system5,pnml,bfs-prev,none,5,65.258,4.03179529903656,10,73916,81489,,,,,,,,,,,,,,,,,,,,,,,,,,,,,,,,,,,65.258,,1,,231,202,846,1,0,0,0,0,1,1,0,0,0,0,0,0,0,0,1,0,-1,1,-1,1657240.0,-1.0,1,36,231.0,0.0,0.34155,0.30832
cs_repetitions-2-unfolded,pnml,bfs-prev,none,5,0.419,0.0620841722538397,10,3536,4492,,,,,,,,,,,,,,,,,,,,,,,,,,,,,,,,,,,0.419,,1,,23,28,92,1,0,0,0,0,1,0,0,0,0,1,0,0,1,0,0,-1,-1,1,-1,-1.0,-1.0,-1,8,8.0,0.0,0.365,0.19063
cs_repetitions-3-unfolded,pnml,bfs-prev,none,5,13.374,0.9523444754919301,10,36009,41484,,,,,,,,,,,,,,,,,,,,,,,,,,,,,,,,,,,13.374,,1,,58,81,279,1,0,0,0,0,1,0,0,0,0,1,0,0,1,0,0,-1,-1,1,-1,-1.0,-1.0,-1,15,15.0,0.0,0.41355,0.13962
database2UNFOLD,pnml,bfs-prev,none,5,0.086,0.0206559111797729,10,2266,2914,,,,,,,,,,,,,,,,,,,,,,,,,,,,,,,,,,,0.086,,1,,38,32,88,1,0,0,0,0,1,1,0,0,0,0,1,0,0,0,1,0,-1,1,-1,153.0,-1.0,1,6,38.0,0.0,0.20576,0.53915
dekker-10,pnml,bfs-prev,none,5,2.557,0.152173146996001,10,176152,194690,,,,,,,,,,,,,,,,,,,,,,,,,,,,,,,,,,,2.557,,1,,50,120,820,1,0,0,0,0,1,1,0,0,0,0,0,1,1,0,1,0,-1,1,-1,6144.0,-1.0,1,20,20.0,0.0,0.41855,0.12452
dekker-15,pnml,bfs-prev,none,5,103.853,4.205166267025991,10,858894,918960,,,,,,,,,,,,,,,,,,,,,,,,,,,,,,,,,,,103.853,,1,,75,255,1830,1,0,0,0,0,1,1,0,0,0,0,0,1,1,0,1,0,-1,1,-1,278528.0,-1.0,1,30,30.0,0.0,0.43831000000000003,0.09742999999999999
desel_esparza_10_3a,pnml,bfs-prev,none,5,0.011000000000000001,0.0031622776601683803,10,558,716,,,,,,,,,,,,,,,,,,,,,,,,,,,,,,,,,,,0.011000000000000001,,1,,9,9,27,1,0,0,0,0,1,1,0,0,0,0,1,0,0,0,1,0,-1,1,-1,14.0,-1.0,1,3,9.0,0.0,0.1909,0.44443999999999995
desel_esparza_10_3b,pnml,bfs-prev,none,5,0.006999999999999999,0.00483045891539648,10,592,785,,,,,,,,,,,,,,,,,,,,,,,,,,,,,,,,,,,0.006999999999999999,,1,,11,9,31,1,0,0,0,0,1,1,0,0,0,0,1,0,0,0,1,0,-1,0,0,10.0,-1.0,1,4,11.0,0.11110999999999999,0.22435,0.40259
desel_esparza_8_1,pnml,bfs-prev,none,5,0.004,0.00516397779494322,10,428,525,,,,,,,,,,,,,,,,,,,,,,,,,,,,,,,,,,,0.004,,1,,8,7,20,1,0,1,0,0,1,1,0,0,0,0,1,1,1,0,1,0,-1,1,-1,9.0,-1.0,1,2,2.0,0.0,0.1,0.61363
desel_esparza_8_3,pnml,bfs-prev,none,5,0.012,0.0063245553203367605,10,989,1281,,,,,,,,,,,,,,,,,,,,,,,,,,,,,,,,,,,0.012,,1,,14,8,40,1,0,0,0,0,1,1,0,0,0,0,0,0,0,0,1,0,-1,1,-1,21.0,-1.0,1,5,14.0,0.0,0.30416,0.2689
desel_esparza_9_5,pnml,bfs-prev,none,5,0.042,0.0131656117720877,10,539,708,,,,,,,,,,,,,,,,,,,,,,,,,,,,,,,,,,,0.042,,1,,16,9,40,1,0,0,0,0,1,1,0,0,0,0,1,1,1,0,1,0,-1,1,-1,256.0,-1.0,1,8,8.0,0.0,0.36601,0.15789
dnawalk-01,pnml,bfs-prev,none,5,0.179,0.0299814757623585,10,21419,23336,,,,,,,,,,,,,,,,,,,,,,,,,,,,,,,,,,,0.179,,1,,13,82,241,0,0,0,0,0,1,0,1,0,0,1,0,0,1,0,0,-1,-1,-1,-1,-1.0,-1.0,-1,13,13.0,0.0,0.36666,0.13460999999999998
dnawalk-02,pnml,bfs-prev,none,5,0.223,0.0352924291535105,10,26809,28367,,,,,,,,,,,,,,,,,,,,,,,,,,,,,,,,,,,0.223,,1,,14,84,244,0,0,0,0,0,1,0,1,0,0,1,0,0,1,0,0,-1,-1,-1,-1,-1.0,-1.0,-1,13,13.0,0.0,0.37083,0.13445
dnawalk-03,pnml,bfs-prev,none,5,0.23,0.0571547606649408,10,20846,22802,,,,,,,,,,,,,,,,,,,,,,,,,,,,,,,,,,,0.23,,1,,14,84,244,0,0,0,0,0,1,0,1,0,0,1,0,0,1,0,0,-1,-1,-1,-1,-1.0,-1.0,-1,13,13.0,0.0,0.37083,0.13445
dnawalk-04,pnml,bfs-prev,none,5,9.519,0.602742804925027,10,110419,119561,,,,,,,,,,,,,,,,,,,,,,,,,,,,,,,,,,,9.519,,1,,34,250,728,0,0,0,0,0,1,0,1,0,0,1,0,0,1,0,0,-1,-1,-1,-1,-1.0,-1.0,-1,29,29.0,0.0,0.44047,0.06359
dnawalk-05,pnml,bfs-prev,none,5,15.478,0.8044708405736859,10,129945,138027,,,,,,,,,,,,,,,,,,,,,,,,,,,,,,,,,,,15.478,,1,,34,250,728,0,0,0,0,0,1,0,1,0,0,1,0,0,1,0,0,-1,-1,-1,-1,-1.0,-1.0,-1,29,29.0,0.0,0.44047,0.06359
dnawalk-06,pnml,bfs-prev,none,5,15.502,0.99936424235055,10,120374,128204,,,,,,,,,,,,,,,,,,,,,,,,,,,,,,,,,,,15.502,,1,,34,250,728,0,0,0,0,0,1,0,1,0,0,1,0,0,1,0,0,-1,-1,-1,-1,-1.0,-1.0,-1,29,29.0,0.0,0.44047,0.06359
dnawalk-07,pnml,bfs-prev,none,5,12.843,0.5630285171384399,10,127513,135138,,,,,,,,,,,,,,,,,,,,,,,,,,,,,,,,,,,12.843,,1,,34,250,728,0,0,0,0,0,1,0,1,0,0,1,0,0,1,0,0,-1,-1,-1,-1,-1.0,-1.0,-1,29,29.0,0.0,0.44047,0.06359
dnawalk-08,pnml,bfs-prev,none,5,9.472000000000001,0.760304032754149,10,205704,220717,,,,,,,,,,,,,,,,,,,,,,,,,,,,,,,,,,,9.472000000000001,,1,,27,260,760,0,0,0,0,0,1,0,1,0,0,1,0,0,1,0,0,-1,-1,-1,-1,-1.0,-1.0,-1,22,22.0,0.0,0.42486999999999997,0.08148
dnawalk-09,pnml,bfs-prev,none,5,7.254,0.43472085551790796,10,195145,208669,,,,,,,,,,,,,,,,,,,,,,,,,,,,,,,,,,,7.254,,1,,27,260,760,0,0,0,0,0,1,0,1,0,0,1,0,0,1,0,0,-1,-1,-1,-1,-1.0,-1.0,-1,22,22.0,0.0,0.42486999999999997,0.08148
dnawalk-10,pnml,bfs-prev,none,5,9.927999999999999,0.5796895720987231,10,209109,224590,,,,,,,,,,,,,,,,,,,,,,,,,,,,,,,,,,,9.927999999999999,,1,,27,260,760,0,0,0,0,0,1,0,1,0,0,1,0,0,1,0,0,-1,-1,-1,-1,-1.0,-1.0,-1,22,22.0,0.0,0.42486999999999997,0.08148
dnawalk-11,pnml,bfs-prev,none,5,6.587999999999999,0.43923671168162703,10,204980,222289,,,,,,,,,,,,,,,,,,,,,,,,,,,,,,,,,,,6.587999999999999,,1,,27,260,760,0,0,0,0,0,1,0,1,0,0,1,0,0,1,0,0,-1,-1,-1,-1,-1.0,-1.0,-1,22,22.0,0.0,0.42486999999999997,0.08148
dnawalk-12,pnml,bfs-prev,none,5,44.136,2.73979399063344,10,234744,252018,,,,,,,,,,,,,,,,,,,,,,,,,,,,,,,,,,,44.136,,1,,33,312,916,0,0,0,0,0,1,0,1,0,0,1,0,0,1,0,0,-1,-1,-1,-1,-1.0,-1.0,-1,28,28.0,0.0,0.43865,0.06565
dnawalk-13,pnml,bfs-prev,none,5,64.554,4.46836584595905,10,264142,281046,,,,,,,,,,,,,,,,,,,,,,,,,,,,,,,,,,,64.554,,1,,33,312,916,0,0,0,0,0,1,0,1,0,0,1,0,0,1,0,0,-1,-1,-1,-1,-1.0,-1.0,-1,28,28.0,0.0,0.43865,0.06565
dnawalk-14,pnml,bfs-prev,none,5,66.555,5.673249607686159,10,245188,261235,,,,,,,,,,,,,,,,,,,,,,,,,,,,,,,,,,,66.555,,1,,33,312,916,0,0,0,0,0,1,0,1,0,0,1,0,0,1,0,0,-1,-1,-1,-1,-1.0,-1.0,-1,28,28.0,0.0,0.43865,0.06565
dnawalk-15,pnml,bfs-prev,none,5,34.009,2.856164677792,10,236032,252973,,,,,,,,,,,,,,,,,,,,,,,,,,,,,,,,,,,34.009,,1,,33,312,916,0,0,0,0,0,1,0,1,0,0,1,0,0,1,0,0,-1,-1,-1,-1,-1.0,-1.0,-1,28,28.0,0.0,0.43865,0.06565
erk-000010,pnml,bfs-prev,none,5,0.628,0.0426354052141853,10,526,725,,,,,,,,,,,,,,,,,,,,,,,,,,,,,,,,,,,0.628,,1,,11,11,34,1,0,0,0,0,1,1,0,0,0,0,1,0,0,0,0,-1,-1,1,-1,-1.0,-1.0,-1,50,2147483647.0,0.0,0.22435,0.40259
fivediningphilosophers-2at1ce-boxed,pnml,bfs-prev,none,5,0.011000000000000001,0.005676462121975471,10,737,969,,,,,,,,,,,,,,,,,,,,,,,,,,,,,,,,,,,0.011000000000000001,,1,,15,10,40,1,0,0,0,0,1,1,0,0,0,0,1,0,0,0,1,0,-1,1,-1,11.0,-1.0,1,10,15.0,0.0,0.3125,0.25925
fivediningphilosophers-3_32,pnml,bfs-prev,none,5,0.008,0.0063245553203367605,10,760,992,,,,,,,,,,,,,,,,,,,,,,,,,,,,,,,,,,,0.008,,1,,15,10,40,1,0,0,0,0,1,1,0,0,0,0,1,0,0,0,1,0,-1,1,-1,11.0,-1.0,1,8,15.0,0.0,0.3125,0.25925
fivediningphilosophers-boxed,pnml,bfs-prev,none,5,0.057,0.0194650684275419,10,2399,3075,,,,,,,,,,,,,,,,,,,,,,,,,,,,,,,,,,,0.057,,1,,25,25,80,1,0,0,0,0,1,1,0,0,0,0,1,0,0,0,1,1,0,0,0,243.0,-1.0,1,10,25.0,0.02,0.32763000000000003,0.27142
fivediningphilosophers-lr-boxed,pnml,bfs-prev,none,5,0.024,0.00966091783079296,10,1014,1320,,,,,,,,,,,,,,,,,,,,,,,,,,,,,,,,,,,0.024,,1,,20,15,50,1,0,0,0,0,1,1,0,0,0,0,1,0,0,0,1,1,0,1,0,82.0,-1.0,1,10,20.0,0.0,0.32466999999999996,0.26086
FMS-10,pnml,bfs-prev,none,5,4.81,0.280356915377524,10,755,985,,,,,,,,,,,,,,,,,,,,,,,,,,,,,,,,,,,4.81,,1,,22,20,50,1,0,0,0,0,1,1,0,0,0,0,0,0,0,0,0,-1,-1,1,-1,-1.0,-1.0,-1,36,2147483647.0,0.0,0.25543000000000005,0.40726999999999997
FMS-2,pnml,bfs-prev,none,5,0.12,0.0216024689946929,10,755,985,,,,,,,,,,,,,,,,,,,,,,,,,,,,,,,,,,,0.12,,1,,22,20,50,1,0,0,0,0,1,1,0,0,0,0,0,0,0,0,0,-1,-1,1,-1,-1.0,-1.0,-1,12,2147483647.0,0.0,0.25543000000000005,0.40726999999999997
FMS-20,pnml,bfs-prev,none,5,55.787,4.247483045548529,10,755,985,,,,,,,,,,,,,,,,,,,,,,,,,,,,,,,,,,,55.787,,1,,22,20,50,1,0,0,0,0,1,1,0,0,0,0,0,0,0,0,0,-1,-1,1,-1,-1.0,-1.0,-1,66,2147483647.0,0.0,0.25543000000000005,0.40726999999999997
FMS-5,pnml,bfs-prev,none,5,0.8220000000000001,0.0477958622104931,10,755,985,,,,,,,,,,,,,,,,,,,,,,,,,,,,,,,,,,,0.8220000000000001,,1,,22,20,50,1,0,0,0,0,1,1,0,0,0,0,0,0,0,0,0,-1,-1,1,-1,-1.0,-1.0,-1,21,2147483647.0,0.0,0.25543000000000005,0.40726999999999997
G-PPP-1-1,pnml,bfs-prev,none,5,0.591,0.0552670285472672,10,3079,3631,,,,,,,,,,,,,,,,,,,,,,,,,,,,,,,,,,,0.591,,1,,33,22,83,0,0,0,0,0,1,1,0,0,0,0,1,0,0,0,0,-1,-1,-1,-1,-1.0,-1.0,-1,22,2147483647.0,0.43181,0.06302,0.81818
G-PPP-1-10,pnml,bfs-prev,none,5,2.557,0.0888256719648098,10,3079,3631,,,,,,,,,,,,,,,,,,,,,,,,,,,,,,,,,,,2.557,,1,,33,22,83,0,0,0,0,0,1,1,0,0,0,0,1,0,0,0,0,-1,-1,-1,-1,-1.0,-1.0,-1,103,2147483647.0,0.43181,0.06302,0.81818
G-PPP-1-100,pnml,bfs-prev,none,5,43.352,3.8229331380208302,10,3079,3631,,,,,,,,,,,,,,,,,,,,,,,,,,,,,,,,,,,43.352,,1,,33,22,83,0,0,0,0,0,1,1,0,0,0,0,1,0,0,0,0,-1,-1,-1,-1,-1.0,-1.0,-1,913,2147483647.0,0.43181,0.06302,0.81818
G-PPP-10-10,pnml,bfs-prev,none,5,1199.355,71.26858414276441,8,3079,3631,,,,,,,,,,,,,,,,,,,,,,,,,,,,,,,,,,,1199.355,,1,,33,22,83,0,0,0,0,0,1,1,0,0,0,0,1,0,0,0,0,-1,-1,-1,-1,-1.0,-1.0,-1,211,2147483647.0,0.43181,0.06302,0.81818
G-PPP-10-100,pnml,bfs-prev,none,5,1505.335,79.64636048740009,10,3079,3631,,,,,,,,,,,,,,,,,,,,,,,,,,,,,,,,,,,1505.335,,1,,33,22,83,0,0,0,0,0,1,1,0,0,0,0,1,0,0,0,0,-1,-1,-1,-1,-1.0,-1.0,-1,1021,2147483647.0,0.43181,0.06302,0.81818
G-PPP-100-10,pnml,bfs-prev,none,5,685.987,39.8151596059145,10,3079,3631,,,,,,,,,,,,,,,,,,,,,,,,,,,,,,,,,,,685.987,,1,,33,22,83,0,0,0,0,0,1,1,0,0,0,0,1,0,0,0,0,-1,-1,-1,-1,-1.0,-1.0,-1,1291,2147483647.0,0.43181,0.06302,0.81818
G-PPP-1000-10,pnml,bfs-prev,none,5,702.278888888889,41.315452449551,9,3079,3631,,,,,,,,,,,,,,,,,,,,,,,,,,,,,,,,,,,702.278888888889,,1,,33,22,83,0,0,0,0,0,1,1,0,0,0,0,1,0,0,0,0,-1,-1,-1,-1,-1.0,-1.0,-1,12091,2147483647.0,0.43181,0.06302,0.81818
HouseConstruction-002,pnml,bfs-prev,none,5,0.17600000000000002,0.0356526452189892,10,1034,1247,,,,,,,,,,,,,,,,,,,,,,,,,,,,,,,,,,,0.17600000000000002,,1,,26,18,51,1,1,1,0,0,1,0,1,0,0,1,1,0,0,0,0,-1,-1,1,-1,-1.0,-1.0,-1,2,2147483647.0,0.0,0.16666,0.5968100000000001
HouseConstruction-005,pnml,bfs-prev,none,5,2.9789999999999996,0.148806361871169,10,1034,1247,,,,,,,,,,,,,,,,,,,,,,,,,,,,,,,,,,,2.9789999999999996,,1,,26,18,51,1,1,1,0,0,1,0,1,0,0,1,1,0,0,0,0,-1,-1,1,-1,-1.0,-1.0,-1,5,2147483647.0,0.0,0.16666,0.5968100000000001
HouseConstruction-010,pnml,bfs-prev,none,5,79.86399999999999,12.674912403817402,10,1034,1247,,,,,,,,,,,,,,,,,,,,,,,,,,,,,,,,,,,79.86399999999999,,1,,26,18,51,1,1,1,0,0,1,0,1,0,0,1,1,0,0,0,0,-1,-1,1,-1,-1.0,-1.0,-1,10,2147483647.0,0.0,0.16666,0.5968100000000001
IBM319,pnml,bfs-prev,none,5,2.064,0.14064928802600501,10,19502,21949,,,,,,,,,,,,,,,,,,,,,,,,,,,,,,,,,,,2.064,,1,,253,178,526,1,1,1,0,0,1,0,1,1,0,0,1,0,0,0,1,1,0,0,0,2482.0,-1.0,1,5,253.0,0.02247,0.02164,0.94889
IBM5964,pnml,bfs-prev,none,5,1.416,0.0564111888034832,10,21268,24006,,,,,,,,,,,,,,,,,,,,,,,,,,,,,,,,,,,1.416,,1,,263,139,541,1,1,1,0,0,1,0,1,1,0,0,1,0,0,0,0,-1,-1,-1,-1,12815.0,2147483647.0,-1,-1,9.0,0.41007,0.01212,0.9682299999999999
IBM703,pnml,bfs-prev,none,5,4.849,0.170714186092818,10,19691,22410,,,,,,,,,,,,,,,,,,,,,,,,,,,,,,,,,,,4.849,,1,,262,284,572,1,1,1,0,0,1,0,1,1,0,0,1,0,0,0,1,1,0,1,0,8370.0,-1.0,1,0,262.0,0.0,0.03427,0.92389
IOTP_c1m1p1d1,pnml,bfs-prev,none,5,0.397,0.0487738545625511,10,10421,11521,,,,,,,,,,,,,,,,,,,,,,,,,,,,,,,,,,,0.397,,1,,111,45,224,1,0,0,0,0,1,1,0,0,0,0,0,0,0,0,1,0,-1,1,-1,204.0,-1.0,1,17,111.0,0.0,0.15384,0.67472
IOTP_c3m3p3d3,pnml,bfs-prev,none,5,14.077,0.7165511534814208,10,10421,11521,,,,,,,,,,,,,,,,,,,,,,,,,,,,,,,,,,,14.077,,1,,111,45,224,1,0,0,0,0,1,1,0,0,0,0,0,0,0,0,0,-1,-1,1,-1,-1.0,-1.0,-1,25,2147483647.0,0.0,0.15384,0.67472
IOTP_c5m4p3d2,pnml,bfs-prev,none,5,63.937,4.49503442082977,10,10421,11521,,,,,,,,,,,,,,,,,,,,,,,,,,,,,,,,,,,63.937,,1,,111,45,224,1,0,0,0,0,1,1,0,0,0,0,0,0,0,0,0,-1,-1,1,-1,-1.0,-1.0,-1,27,2147483647.0,0.0,0.15384,0.67472
Kanban-10,pnml,bfs-prev,none,5,5.684,0.329416993422555,10,746,941,,,,,,,,,,,,,,,,,,,,,,,,,,,,,,,,,,,5.684,,1,,16,16,40,1,1,1,0,0,1,1,0,0,0,0,1,1,1,0,0,-1,-1,1,-1,-1.0,-1.0,-1,40,40.0,0.0,0.29411,0.30263
Kanban-20,pnml,bfs-prev,none,5,80.919,5.3806204722751705,10,746,941,,,,,,,,,,,,,,,,,,,,,,,,,,,,,,,,,,,80.919,,1,,16,16,40,1,1,1,0,0,1,1,0,0,0,0,1,1,1,0,0,-1,-1,1,-1,-1.0,-1.0,-1,80,80.0,0.0,0.29411,0.30263
Kanban-5,pnml,bfs-prev,none,5,0.835,0.0450308536203543,10,746,941,,,,,,,,,,,,,,,,,,,,,,,,,,,,,,,,,,,0.835,,1,,16,16,40,1,1,1,0,0,1,1,0,0,0,0,1,1,1,0,0,-1,-1,1,-1,-1.0,-1.0,-1,20,20.0,0.0,0.29411,0.30263
MAPK-20,pnml,bfs-prev,none,5,42.015,2.4809821084043,10,1928,2576,,,,,,,,,,,,,,,,,,,,,,,,,,,,,,,,,,,42.015,,1,,22,30,90,1,0,0,0,0,1,1,0,0,0,0,1,0,0,0,0,-1,-1,1,-1,-1.0,-1.0,-1,90,2147483647.0,0.0,0.28079,0.35636
MAPK-8,pnml,bfs-prev,none,5,1.8730000000000002,0.10509783801561098,10,1928,2576,,,,,,,,,,,,,,,,,,,,,,,,,,,,,,,,,,,1.8730000000000002,,1,,22,30,90,1,0,0,0,0,1,1,0,0,0,0,1,0,0,0,0,-1,-1,1,-1,-1.0,-1.0,-1,36,2147483647.0,0.0,0.28079,0.35636
open_system_0,pnml,bfs-prev,none,5,33.301,2.29745003572802,10,63913,70376,,,,,,,,,,,,,,,,,,,,,,,,,,,,,,,,,,,33.301,,1,,198,176,730,1,0,0,0,0,1,1,0,0,0,0,0,0,0,0,1,0,-1,1,-1,2776940.0,-1.0,1,32,198.0,0.0,0.30643000000000004,0.37715
peterson_3_13,pnml,bfs-prev,none,5,0.005,0.0052704627669473,10,894,1083,,,,,,,,,,,,,,,,,,,,,,,,,,,,,,,,,,,0.005,,1,,9,12,36,1,0,0,0,0,1,1,0,0,0,0,0,1,1,0,1,0,-1,1,-1,12.0,-1.0,1,2,2.0,0.0,0.10909,0.61111
peterson_3_14,pnml,bfs-prev,none,5,0.005,0.00707106781186548,10,994,1186,,,,,,,,,,,,,,,,,,,,,,,,,,,,,,,,,,,0.005,,1,,9,12,36,1,0,0,0,0,1,0,1,0,0,0,0,1,1,0,1,0,-1,0,0,12.0,-1.0,1,2,2.0,0.04166,0.10909,0.61111
peterson_3_16,pnml,bfs-prev,none,5,0.015,0.0097182531580755,10,1781,2180,,,,,,,,,,,,,,,,,,,,,,,,,,,,,,,,,,,0.015,,1,,14,18,60,1,0,0,0,0,1,0,1,0,0,0,0,1,1,0,1,0,-1,0,0,25.0,-1.0,1,3,3.0,0.02777,0.15833,0.56302
peterson_3_17,pnml,bfs-prev,none,5,0.031,0.013703203194063,10,1851,2418,,,,,,,,,,,,,,,,,,,,,,,,,,,,,,,,,,,0.031,,1,,18,21,72,1,0,0,0,0,1,0,1,0,0,0,0,1,1,0,1,0,-1,0,0,64.0,-1.0,1,4,4.0,0.0238,0.22105,0.46031000000000005
peterson_3_36,pnml,bfs-prev,none,5,0.035,0.0158113883008419,10,1046,1241,,,,,,,,,,,,,,,,,,,,,,,,,,,,,,,,,,,0.035,,1,,26,18,51,1,1,1,0,0,1,0,1,0,0,1,1,0,0,0,1,1,0,0,0,64.0,-1.0,1,3,26.0,0.05555,0.16666,0.5968100000000001
philo_dyn-3-unfolded,pnml,bfs-prev,none,5,0.316,0.0847479924377104,10,136974,153600,,,,,,,,,,,,,,,,,,,,,,,,,,,,,,,,,,,0.316,,1,,30,84,564,0,0,0,0,0,1,1,0,0,0,0,0,0,0,0,-1,-1,-1,-1,-1,-1.0,-1.0,-1,3,2147483647.0,0.0,0.40221,0.13333
Philosophers-10,pnml,bfs-prev,none,5,0.28600000000000003,0.0422163738639668,10,5119,6902,,,,,,,,,,,,,,,,,,,,,,,,,,,,,,,,,,,0.28600000000000003,,1,,50,50,160,1,0,0,0,0,1,1,0,0,0,0,1,0,0,0,1,1,0,1,0,59049.0,-1.0,1,20,50.0,0.0,0.40912,0.14339000000000002
Philosophers-100,pnml,bfs-prev,none,5,113.78299999999999,4.11239332857265,10,53296,72531,,,,,,,,,,,,,,,,,,,,,,,,,,,,,,,,,,,113.78299999999999,,1,,500,500,1600,1,0,0,0,0,1,1,0,0,0,0,1,0,0,0,1,1,0,1,0,5.15378e+47,-1.0,1,200,500.0,0.0,0.49045,0.0151
Philosophers-20,pnml,bfs-prev,none,5,1.38,0.0845905169363301,10,10394,14142,,,,,,,,,,,,,,,,,,,,,,,,,,,,,,,,,,,1.38,,1,,100,100,320,1,0,0,0,0,1,1,0,0,0,0,1,0,0,0,1,1,0,1,0,3486780000.0,-1.0,1,40,100.0,0.0,0.45331000000000005,0.07378
Philosophers-5,pnml,bfs-prev,none,5,0.057,0.0149443411809733,10,2397,3207,,,,,,,,,,,,,,,,,,,,,,,,,,,,,,,,,,,0.057,,1,,25,25,80,1,0,0,0,0,1,1,0,0,0,0,1,0,0,0,1,1,0,1,0,243.0,-1.0,1,10,25.0,0.0,0.32763000000000003,0.27142
Philosophers-50,pnml,bfs-prev,none,5,11.700999999999999,1.7091417599355399,10,26516,35059,,,,,,,,,,,,,,,,,,,,,,,,,,,,,,,,,,,11.700999999999999,,1,,250,250,800,1,0,0,0,0,1,1,0,0,0,0,1,0,0,0,1,1,0,1,0,7.17898e+23,-1.0,1,100,250.0,0.0,0.48101000000000005,0.03003
QCertifProtocol_02-unfold,pnml,bfs-prev,none,5,0.5770000000000001,0.0391719854544602,10,16924,19511,,,,,,,,,,,,,,,,,,,,,,,,,,,,,,,,,,,0.5770000000000001,,1,,86,56,223,1,0,0,0,0,1,0,1,1,0,0,1,0,0,0,1,1,0,1,0,1029.0,-1.0,1,8,86.0,0.0,0.1937,0.59001
QCertifProtocol_06-unfold,pnml,bfs-prev,none,5,70.59899999999999,4.343468787859661,10,151011,168691,,,,,,,,,,,,,,,,,,,,,,,,,,,,,,,,,,,70.59899999999999,,1,,270,116,659,1,0,0,0,0,1,0,1,1,0,0,1,0,0,0,0,-1,-1,1,-1,-1.0,-1.0,-1,18,2147483647.0,0.0,0.23918000000000003,0.5142800000000001
RAS-C-10,pnml,bfs-prev,none,5,0.825,0.0471993408616876,10,4365,5937,,,,,,,,,,,,,,,,,,,,,,,,,,,,,,,,,,,0.825,,1,,60,40,174,1,0,0,0,0,1,1,0,0,0,0,1,0,0,0,1,1,0,1,0,823552.0,-1.0,1,30,60.0,0.0,0.43865,0.09047000000000001
RAS-C-15,pnml,bfs-prev,none,5,1.966,0.125273035140581,10,6705,9192,,,,,,,,,,,,,,,,,,,,,,,,,,,,,,,,,,,1.966,,1,,90,60,264,1,0,0,0,0,1,1,0,0,0,0,1,0,0,0,1,1,0,1,0,578878000.0,-1.0,1,45,90.0,0.0,0.45795,0.062360000000000006
RAS-C-20,pnml,bfs-prev,none,5,3.792,0.232703912969058,10,9045,12447,,,,,,,,,,,,,,,,,,,,,,,,,,,,,,,,,,,3.792,,1,,120,80,354,1,0,0,0,0,1,1,0,0,0,0,1,0,0,0,1,1,0,1,0,406455000000.0,-1.0,1,60,120.0,0.0,0.46802,0.047560000000000005
RAS-C-3,pnml,bfs-prev,none,5,0.016,0.00699205898780101,10,1373,1592,,,,,,,,,,,,,,,,,,,,,,,,,,,,,,,,,,,0.016,,1,,18,12,48,1,0,0,0,0,1,1,0,0,0,0,1,0,0,0,1,1,0,1,0,92.0,-1.0,1,9,18.0,0.0,0.33157,0.23809
RAS-C-5,pnml,bfs-prev,none,5,0.14800000000000002,0.025298221281347,10,2025,2682,,,,,,,,,,,,,,,,,,,,,,,,,,,,,,,,,,,0.14800000000000002,,1,,30,20,84,1,0,0,0,0,1,1,0,0,0,0,1,0,0,0,1,1,0,1,0,1200.0,-1.0,1,15,30.0,0.0,0.38709,0.16363
RAS-R-10,pnml,bfs-prev,none,5,0.267,0.0413790070231539,10,2172,2701,,,,,,,,,,,,,,,,,,,,,,,,,,,,,,,,,,,0.267,,1,,40,22,100,1,0,0,0,0,1,1,0,0,0,0,1,0,0,0,1,1,0,1,0,6144.0,-1.0,1,20,40.0,0.0,0.4036,0.14534
RAS-R-15,pnml,bfs-prev,none,5,0.8809999999999999,0.0688718616949864,10,3307,4116,,,,,,,,,,,,,,,,,,,,,,,,,,,,,,,,,,,0.8809999999999999,,1,,60,32,150,1,0,0,0,0,1,1,0,0,0,0,1,0,0,0,1,1,0,1,0,278528.0,-1.0,1,30,60.0,0.0,0.42436999999999997,0.11904
RAS-R-20,pnml,bfs-prev,none,5,1.909,0.100160981535837,10,4442,5531,,,,,,,,,,,,,,,,,,,,,,,,,,,,,,,,,,,1.909,,1,,80,42,200,1,0,0,0,0,1,1,0,0,0,0,1,0,0,0,1,1,0,1,0,11534300.0,-1.0,1,40,80.0,0.0,0.4351,0.10542
RAS-R-3,pnml,bfs-prev,none,5,0.011000000000000001,0.005676462121975471,10,583,720,,,,,,,,,,,,,,,,,,,,,,,,,,,,,,,,,,,0.011000000000000001,,1,,12,8,30,1,0,0,0,0,1,1,0,0,0,0,1,0,0,0,1,1,0,1,0,20.0,-1.0,1,6,12.0,0.0,0.28021,0.3
RAS-R-5,pnml,bfs-prev,none,5,0.02,0.0105409255338946,10,1037,1286,,,,,,,,,,,,,,,,,,,,,,,,,,,,,,,,,,,0.02,,1,,20,12,50,1,0,0,0,0,1,1,0,0,0,0,1,0,0,0,1,1,0,1,0,112.0,-1.0,1,10,20.0,0.0,0.34631999999999996,0.21739
rwmutex-r10w10,pnml,bfs-prev,none,5,0.14300000000000002,0.0346570499481867,10,57960,65149,,,,,,,,,,,,,,,,,,,,,,,,,,,,,,,,,,,0.14300000000000002,,1,,50,40,300,1,0,0,0,0,1,1,0,0,0,0,1,0,0,0,1,0,-1,1,-1,1034.0,-1.0,1,30,50.0,0.0,0.35822,0.24528000000000003
rwmutex-r10w100,pnml,bfs-prev,none,5,2.2319999999999998,0.08390470785361201,10,3690088,3807303,,,,,,,,,,,,,,,,,,,,,,,,,,,,,,,,,,,2.2319999999999998,,1,,230,220,2460,1,0,0,0,0,1,1,0,0,0,0,1,0,0,0,1,0,-1,1,-1,1124.0,-1.0,1,120,230.0,0.0,0.35946999999999996,0.27243
rwmutex-r10w20,pnml,bfs-prev,none,5,0.278,0.0239443799947573,10,190086,209131,,,,,,,,,,,,,,,,,,,,,,,,,,,,,,,,,,,0.278,,1,,70,60,540,1,0,0,0,0,1,1,0,0,0,0,1,0,0,0,1,0,-1,1,-1,1044.0,-1.0,1,40,70.0,0.0,0.34917,0.27397
rwmutex-r10w50,pnml,bfs-prev,none,5,1.077,0.0840700765895795,10,981596,1076681,,,,,,,,,,,,,,,,,,,,,,,,,,,,,,,,,,,1.077,,1,,130,120,1260,1,0,0,0,0,1,1,0,0,0,0,1,0,0,0,1,0,-1,1,-1,1074.0,-1.0,1,70,130.0,0.0,0.35218,0.2805
rwmutex-r10w500,pnml,bfs-prev,none,5,115.538,19.3982495201099,10,84696265,89983965,,,,,,,,,,,,,,,,,,,,,,,,,,,,,,,,,,,115.538,,1,,1030,1020,12060,1,0,0,0,0,1,1,0,0,0,0,1,0,0,0,1,0,-1,1,-1,1524.0,-1.0,1,520,1030.0,0.0,0.37091999999999997,0.2562
rwmutex-r20w10,pnml,bfs-prev,none,5,26.201,0.6106726710039599,10,164290,181634,,,,,,,,,,,,,,,,,,,,,,,,,,,,,,,,,,,26.201,,1,,80,60,560,1,0,0,0,0,1,1,0,0,0,0,1,0,0,0,1,0,-1,1,-1,1048590.0,-1.0,1,50,80.0,0.0,0.40123000000000003,0.17319
SafeBus-03-unfolded,pnml,bfs-prev,none,5,2.09,0.0914087280053473,10,82222,95173,,,,,,,,,,,,,,,,,,,,,,,,,,,,,,,,,,,2.09,,1,,57,91,541,1,0,0,0,0,1,1,0,0,0,0,0,0,0,0,1,0,-1,0,0,4650.0,-1.0,1,11,57.0,0.04945,0.36499000000000004,0.23625
shared_memory-pt-10,pnml,bfs-prev,none,5,23.148000000000003,1.54830229606495,10,428678,480723,,,,,,,,,,,,,,,,,,,,,,,,,,,,,,,,,,,23.148000000000003,,1,,131,210,800,1,0,0,0,0,1,1,0,0,0,0,0,0,0,0,1,0,-1,1,-1,1830520.0,-1.0,1,21,131.0,0.0,0.22955,0.5259199999999999
shared_memory-pt-5,pnml,bfs-prev,none,5,0.315,0.0476678321535836,10,23912,27500,,,,,,,,,,,,,,,,,,,,,,,,,,,,,,,,,,,0.315,,1,,41,55,200,1,0,0,0,0,1,1,0,0,0,0,0,0,0,0,1,0,-1,1,-1,1863.0,-1.0,1,11,41.0,0.0,0.28515999999999997,0.38359
simple_lbs-2,pnml,bfs-prev,none,5,0.39299999999999996,0.0522919156700579,10,25440,29093,,,,,,,,,,,,,,,,,,,,,,,,,,,,,,,,,,,0.39299999999999996,,1,,32,45,252,1,0,0,0,0,1,1,0,0,0,0,0,0,0,0,1,0,-1,0,0,832.0,-1.0,1,7,32.0,0.01111,0.37878,0.18392
simple_lbs-5,pnml,bfs-prev,none,5,12.274000000000001,0.952636108677157,10,567999,614512,,,,,,,,,,,,,,,,,,,,,,,,,,,,,,,,,,,12.274000000000001,,1,,59,180,1158,1,0,0,0,0,1,1,0,0,0,0,0,0,0,0,1,0,-1,0,0,116176.0,-1.0,1,10,59.0,0.14444,0.37868,0.20995
SmallOperatingSystem-MT0016DC0008,pnml,bfs-prev,none,5,1.046,0.0842219290525534,10,432,590,,,,,,,,,,,,,,,,,,,,,,,,,,,,,,,,,,,1.046,,1,,9,8,27,1,0,0,0,0,1,1,0,0,0,0,1,0,0,0,0,-1,-1,1,-1,-1.0,-1.0,-1,56,2147483647.0,0.0,0.14545,0.53703
SmallOperatingSystem-MT0032DC0008,pnml,bfs-prev,none,5,4.593,0.29623751731788894,10,432,590,,,,,,,,,,,,,,,,,,,,,,,,,,,,,,,,,,,4.593,,1,,9,8,27,1,0,0,0,0,1,1,0,0,0,0,1,0,0,0,0,-1,-1,1,-1,-1.0,-1.0,-1,88,2147483647.0,0.0,0.14545,0.53703
SmallOperatingSystem-MT0032DC0016,pnml,bfs-prev,none,5,9.394,0.685098533059296,10,432,590,,,,,,,,,,,,,,,,,,,,,,,,,,,,,,,,,,,9.394,,1,,9,8,27,1,0,0,0,0,1,1,0,0,0,0,1,0,0,0,0,-1,-1,1,-1,-1.0,-1.0,-1,112,2147483647.0,0.0,0.14545,0.53703
SmallOperatingSystem-MT0064DC0016,pnml,bfs-prev,none,5,79.73899999999999,6.3740227137621295,10,432,590,,,,,,,,,,,,,,,,,,,,,,,,,,,,,,,,,,,79.73899999999999,,1,,9,8,27,1,0,0,0,0,1,1,0,0,0,0,1,0,0,0,0,-1,-1,1,-1,-1.0,-1.0,-1,176,2147483647.0,0.0,0.14545,0.53703
SmallOperatingSystem-MT0064DC0032,pnml,bfs-prev,none,5,192.34599999999998,11.216026430465,10,432,590,,,,,,,,,,,,,,,,,,,,,,,,,,,,,,,,,,,192.34599999999998,,1,,9,8,27,1,0,0,0,0,1,1,0,0,0,0,1,0,0,0,0,-1,-1,1,-1,-1.0,-1.0,-1,224,2147483647.0,0.0,0.14545,0.53703
SwimmingPool-1,pnml,bfs-prev,none,5,1.949,0.0536345659688477,10,351,477,,,,,,,,,,,,,,,,,,,,,,,,,,,,,,,,,,,1.949,,1,,9,7,20,1,0,0,0,0,1,1,0,0,0,0,1,0,0,0,0,-1,-1,1,-1,-1.0,-1.0,-1,45,2147483647.0,0.0,0.07272,0.68518
SwimmingPool-2,pnml,bfs-prev,none,5,30.497,2.27697191706685,10,351,477,,,,,,,,,,,,,,,,,,,,,,,,,,,,,,,,,,,30.497,,1,,9,7,20,1,0,0,0,0,1,1,0,0,0,0,1,0,0,0,0,-1,-1,1,-1,-1.0,-1.0,-1,90,2147483647.0,0.0,0.07272,0.68518
SwimmingPool-3,pnml,bfs-prev,none,5,236.832,17.2815738737985,10,351,477,,,,,,,,,,,,,,,,,,,,,,,,,,,,,,,,,,,236.832,,1,,9,7,20,1,0,0,0,0,1,1,0,0,0,0,1,0,0,0,0,-1,-1,1,-1,-1.0,-1.0,-1,135,2147483647.0,0.0,0.07272,0.68518
SwimmingPool-4,pnml,bfs-prev,none,5,1317.539,65.62648304356,10,351,477,,,,,,,,,,,,,,,,,,,,,,,,,,,,,,,,,,,1317.539,,1,,9,7,20,1,0,0,0,0,1,1,0,0,0,0,1,0,0,0,0,-1,-1,1,-1,-1.0,-1.0,-1,180,2147483647.0,0.0,0.07272,0.68518
tcp10,pnml,bfs-prev,none,5,1432.43555555556,68.9443736121939,9,5922,7145,,,,,,,,,,,,,,,,,,,,,,,,,,,,,,,,,,,1432.43555555556,,1,,30,32,108,1,0,0,0,0,1,1,0,0,0,0,1,0,0,0,0,-1,-1,1,-1,-1.0,-1.0,-1,20,2147483647.0,0.0,0.13104000000000002,0.67676
tcp5,pnml,bfs-prev,none,5,11.122,0.525331641283231,10,5922,7145,,,,,,,,,,,,,,,,,,,,,,,,,,,,,,,,,,,11.122,,1,,30,32,108,1,0,0,0,0,1,1,0,0,0,0,1,0,0,0,0,-1,-1,1,-1,-1.0,-1.0,-1,10,2147483647.0,0.0,0.13104000000000002,0.67676
TokenRing-10-unfolded,pnml,bfs-prev,none,5,9.642999999999999,0.694198978839801,10,3183795,3613035,,,,,,,,,,,,,,,,,,,,,,,,,,,,,,,,,,,9.642999999999999,,1,,121,1111,4444,1,0,0,0,0,1,1,0,0,0,0,0,1,1,0,1,0,-1,0,0,58905.0,-1.0,1,11,11.0,0.34698,0.1606,0.66262
TokenRing-5-unfolded,pnml,bfs-prev,none,5,0.316,0.0691536132260797,10,97868,112214,,,,,,,,,,,,,,,,,,,,,,,,,,,,,,,,,,,0.316,,1,,36,156,624,1,0,0,0,0,1,1,0,0,0,0,0,1,1,0,1,0,-1,0,0,166.0,-1.0,1,6,6.0,0.27564,0.19914,0.54985
trg_1-20-0,pnml,bfs-prev,none,5,3.4010000000000002,0.266976902871141,10,1223,1581,,,,,,,,,,,,,,,,,,,,,,,,,,,,,,,,,,,3.4010000000000002,,1,,16,12,48,1,0,0,0,0,1,1,0,0,0,0,1,1,1,0,0,-1,-1,1,-1,-1.0,-1.0,-1,66,66.0,0.0,0.37254,0.14473
trg_1-50-0,pnml,bfs-prev,none,5,21.09,1.54343772145169,10,1223,1581,,,,,,,,,,,,,,,,,,,,,,,,,,,,,,,,,,,21.09,,1,,16,12,48,1,0,0,0,0,1,1,0,0,0,0,1,1,1,0,0,-1,-1,1,-1,-1.0,-1.0,-1,156,156.0,0.0,0.37254,0.14473
unf-8x8-4stageSEN-01,pnml,bfs-prev,none,5,15.955,0.637307705202998,10,3421979,3601116,,,,,,,,,,,,,,,,,,,,,,,,,,,,,,,,,,,15.955,,1,,168,592,3456,0,0,0,0,0,1,0,1,1,0,0,1,0,0,0,-1,-1,-1,-1,-1,-1.0,-1.0,-1,9,2147483647.0,0.05405,0.1608,0.66666
